ID,Distance,Variety
1,0.434561404,ATOL
2,0.418947368,ATOL
3,0.778070175,ATOL
4,0.460350877,ATOL
5,0.489298246,ATOL
6,0.468245614,ATOL
7,0.468070175,ATOL
8,0.461052632,ATOL
9,0.524035088,ATOL
10,0.525438596,ATOL
11,0.522982456,ATOL
12,0.450877193,ATOL
13,0.467017544,ATOL
14,0.505964912,ATOL
15,0.478947368,ATOL
16,0.505087719,ATOL
17,0.44,ATOL
18,0.480526316,ATOL
19,0.781403509,ATOL
20,0.421578947,ATOL
21,0.487368421,ATOL
22,0.465614035,ATOL
23,0.486491228,ATOL
24,0.452807018,ATOL
25,0.530526316,ATOL
26,0.509649123,ATOL
27,0.489473684,ATOL
28,0.452105263,ATOL
29,0.445263158,ATOL
30,0.505263158,ATOL
31,0.476491228,ATOL
32,0.486140351,ATOL
33,0.436315789,ATOL
34,0.774736842,ATOL
35,0.503859649,ATOL
36,0.473157895,ATOL
37,0.486315789,ATOL
38,0.454035088,ATOL
39,0.441578947,ATOL
40,0.540526316,ATOL
41,0.520701754,ATOL
42,0.54245614,ATOL
43,0.432280702,ATOL
44,0.505087719,ATOL
45,0.520175439,ATOL
46,0.500701754,ATOL
47,0.505263158,ATOL
48,0.486315789,ATOL
49,0.769824561,ATOL
50,0.794035088,ATOL
51,0.79,ATOL
52,0.782280702,ATOL
53,0.779649123,ATOL
54,0.789649123,ATOL
55,0.813684211,ATOL
56,0.784561404,ATOL
57,0.782105263,ATOL
58,0.806315789,ATOL
59,0.748596491,ATOL
60,0.795614035,ATOL
61,0.810877193,ATOL
62,0.792280702,ATOL
63,0.494035088,ATOL
64,0.427894737,ATOL
65,0.496315789,ATOL
66,0.451403509,ATOL
67,0.503508772,ATOL
68,0.506140351,ATOL
69,0.455263158,ATOL
70,0.481754386,ATOL
71,0.435614035,ATOL
72,0.501929825,ATOL
73,0.463684211,ATOL
74,0.49245614,ATOL
75,0.428245614,ATOL
76,0.485263158,ATOL
77,0.506140351,ATOL
78,0.497017544,ATOL
79,0.511754386,ATOL
80,0.55754386,ATOL
81,0.524736842,ATOL
82,0.434736842,ATOL
83,0.507894737,ATOL
84,0.490175439,ATOL
85,0.490877193,ATOL
86,0.503333333,ATOL
87,0.463508772,ATOL
88,0.486491228,ATOL
89,0.408421053,ATOL
90,0.476842105,ATOL
91,0.435789474,ATOL
92,0.444035088,ATOL
93,0.461929825,ATOL
94,0.453508772,ATOL
95,0.482807018,ATOL
96,0.46877193,ATOL
97,0.46122807,ATOL
98,0.408245614,ATOL
99,0.421578947,ATOL
100,0.507192982,ATOL
101,0.513684211,ATOL
102,0.538947368,ATOL
103,0.480877193,ATOL
104,0.497368421,ATOL
105,0.500877193,ATOL
106,0.492105263,ATOL
107,0.555789474,ATOL
108,0.492105263,ATOL
109,0.459824561,ATOL
110,0.435614035,ATOL
111,0.491578947,ATOL
112,0.445263158,ATOL
113,0.452982456,ATOL
114,0.507368421,ATOL
115,0.446666667,ATOL
116,0.501754386,ATOL
117,0.438947368,ATOL
118,0.399473684,ATOL
119,0.475263158,ATOL
120,0.54754386,ATOL
121,0.510877193,ATOL
122,0.534736842,ATOL
123,0.454561404,ATOL
124,0.46245614,ATOL
125,0.475614035,ATOL
126,0.439824561,ATOL
127,0.54245614,ATOL
128,0.502982456,ATOL
129,0.538245614,ATOL
130,0.445438596,ATOL
131,0.439473684,ATOL
132,0.452105263,ATOL
133,0.534385965,ATOL
134,0.508070175,ATOL
135,0.524912281,ATOL
136,0.45,ATOL
137,0.421929825,ATOL
138,0.435087719,ATOL
139,0.492105263,ATOL
140,0.495964912,ATOL
141,0.491052632,ATOL
142,0.508070175,ATOL
143,0.448947368,ATOL
144,0.525087719,ATOL
145,0.445438596,ATOL
146,0.484561404,ATOL
147,0.438947368,ATOL
148,0.524035088,ATOL
149,0.542280702,ATOL
150,0.475087719,ATOL
151,0.434912281,ATOL
152,0.410526316,ATOL
153,0.446491228,ATOL
154,0.451403509,DESIREE
155,0.494736842,DESIREE
156,0.444035088,DESIREE
157,0.499122807,DESIREE
158,0.500877193,DESIREE
159,0.462982456,DESIREE
160,0.473684211,DESIREE
161,0.47877193,DESIREE
162,0.550350877,DESIREE
163,0.555789474,DESIREE
164,0.496140351,DESIREE
165,0.43245614,DESIREE
166,0.452105263,DESIREE
167,0.515789474,DESIREE
168,0.518245614,DESIREE
169,0.521578947,DESIREE
170,0.502982456,DESIREE
171,0.536140351,DESIREE
172,0.497368421,DESIREE
173,0.547719298,DESIREE
174,0.531403509,DESIREE
175,0.495789474,DESIREE
176,0.520701754,DESIREE
177,0.5,DESIREE
178,0.572982456,DESIREE
179,0.598596491,DESIREE
180,0.547719298,DESIREE
181,0.475263158,DESIREE
182,0.506491228,DESIREE
183,0.521578947,DESIREE
184,0.558070175,DESIREE
185,0.536666667,DESIREE
186,0.539122807,DESIREE
187,0.43877193,DESIREE
188,0.537719298,DESIREE
189,0.434210526,DESIREE
190,0.434912281,DESIREE
191,0.465964912,DESIREE
192,0.482280702,DESIREE
193,0.439298246,DESIREE
194,0.434035088,DESIREE
195,0.447192982,DESIREE
196,0.474035088,DESIREE
197,0.461929825,DESIREE
198,0.482982456,DESIREE
199,0.52877193,DESIREE
200,0.50754386,DESIREE
201,0.530175439,DESIREE
202,0.454561404,DESIREE
203,0.433859649,DESIREE
204,0.438070175,DESIREE
205,0.418070175,DESIREE
206,0.436842105,DESIREE
207,0.453508772,DESIREE
208,0.460701754,DESIREE
209,0.452631579,DESIREE
210,0.446842105,DESIREE
211,0.395614035,DESIREE
212,0.450175439,DESIREE
213,0.464912281,DESIREE
214,0.476491228,DESIREE
215,0.477192982,DESIREE
216,0.499122807,DESIREE
217,0.509649123,DESIREE
218,0.491578947,DESIREE
219,0.536666667,DESIREE
220,0.531754386,DESIREE
221,0.549298246,DESIREE
222,0.507368421,DESIREE
223,0.466666667,DESIREE
224,0.454912281,DESIREE
225,0.492631579,DESIREE
226,0.472280702,DESIREE
227,0.490526316,DESIREE
228,0.508421053,DESIREE
229,0.475438596,DESIREE
230,0.491754386,DESIREE
231,0.498947368,DESIREE
232,0.489298246,DESIREE
233,0.489824561,DESIREE
234,0.491754386,DESIREE
235,0.484736842,DESIREE
236,0.457017544,DESIREE
237,0.456842105,DESIREE
238,0.510350877,DESIREE
239,0.482807018,DESIREE
240,0.498421053,DESIREE
241,0.386315789,DESIREE
242,0.427719298,DESIREE
243,0.433859649,DESIREE
244,0.473508772,DESIREE
245,0.463859649,DESIREE
246,0.413157895,DESIREE
247,0.433859649,DESIREE
248,0.46877193,DESIREE
249,0.483684211,DESIREE
250,0.510175439,DESIREE
251,0.53,DESIREE
252,0.421403509,DESIREE
253,0.457894737,DESIREE
254,0.489824561,DESIREE
255,0.476315789,DESIREE
256,0.459649123,DESIREE
257,0.429649123,DESIREE
258,0.504035088,DESIREE
259,0.480350877,DESIREE
260,0.494912281,DESIREE
261,0.505263158,DESIREE
262,0.481052632,DESIREE
263,0.500350877,DESIREE
264,0.470877193,DESIREE
265,0.455263158,DESIREE
266,0.462280702,DESIREE
267,0.506491228,DESIREE
268,0.499298246,DESIREE
269,0.490877193,DESIREE
270,0.515263158,DESIREE
271,0.388070175,DESIREE
272,0.411754386,DESIREE
273,0.481578947,DESIREE
274,0.481754386,DESIREE
275,0.492807018,DESIREE
276,0.492631579,DESIREE
277,0.499473684,DESIREE
278,0.526315789,DESIREE
279,0.400526316,DESIREE
280,0.518245614,DESIREE
281,0.509824561,DESIREE
282,0.495964912,DESIREE
283,0.520175439,DESIREE
284,0.506666667,DESIREE
285,0.513859649,DESIREE
286,0.461754386,DESIREE
287,0.475964912,DESIREE
288,0.48754386,DESIREE
289,0.482631579,DESIREE
290,0.471929825,DESIREE
291,0.513508772,DESIREE
292,0.415789474,DESIREE
293,0.468070175,DESIREE
294,0.481403509,DESIREE
295,0.45754386,DESIREE
296,0.496666667,DESIREE
297,0.438596491,DESIREE
298,0.442807018,DESIREE
299,0.465614035,DESIREE
300,0.491754386,DESIREE
301,0.510526316,DESIREE
302,0.503333333,DESIREE
303,0.528947368,DESIREE
304,0.473333333,DESIREE
305,0.490701754,DESIREE
306,0.421052632,DESIREE
307,0.401754386,JELLY
308,0.445614035,JELLY
309,0.46877193,JELLY
310,0.473157895,JELLY
311,0.482631579,JELLY
312,0.477017544,JELLY
313,0.644385965,JELLY
314,0.527894737,JELLY
315,0.564912281,JELLY
316,0.498245614,JELLY
317,0.531052632,JELLY
318,0.514385965,JELLY
319,0.513859649,JELLY
320,0.472982456,JELLY
321,0.445438596,JELLY
322,0.485964912,JELLY
323,0.491754386,JELLY
324,0.415789474,JELLY
325,0.438070175,JELLY
326,0.432982456,JELLY
327,0.451403509,JELLY
328,0.447894737,JELLY
329,0.616666667,JELLY
330,0.455263158,JELLY
331,0.505438596,JELLY
332,0.466666667,JELLY
333,0.508070175,JELLY
334,0.481754386,JELLY
335,0.478596491,JELLY
336,0.433157895,JELLY
337,0.428421053,JELLY
338,0.462807018,JELLY
339,0.480526316,JELLY
340,0.464736842,JELLY
341,0.472280702,JELLY
342,0.495964912,JELLY
343,0.502105263,JELLY
344,0.646491228,JELLY
345,0.526140351,JELLY
346,0.550701754,JELLY
347,0.477017544,JELLY
348,0.515263158,JELLY
349,0.499824561,JELLY
350,0.483684211,JELLY
351,0.468245614,JELLY
352,0.450877193,JELLY
353,0.475087719,JELLY
354,0.482982456,JELLY
355,0.41245614,JELLY
356,0.398596491,JELLY
357,0.405614035,JELLY
358,0.613333333,JELLY
359,0.396666667,JELLY
360,0.468245614,JELLY
361,0.418245614,JELLY
362,0.484561404,JELLY
363,0.444035088,JELLY
364,0.422631579,JELLY
365,0.409473684,JELLY
366,0.411929825,JELLY
367,0.458947368,JELLY
368,0.465438596,JELLY
369,0.423859649,JELLY
370,0.418070175,JELLY
371,0.650526316,JELLY
372,0.449473684,JELLY
373,0.510175439,JELLY
374,0.448947368,JELLY
375,0.464912281,JELLY
376,0.408947368,JELLY
377,0.40122807,JELLY
378,0.397017544,JELLY
379,0.391578947,JELLY
380,0.464736842,JELLY
381,0.443859649,JELLY
382,0.425438596,JELLY
383,0.618245614,JELLY
384,0.419298246,JELLY
385,0.500701754,JELLY
386,0.448947368,JELLY
387,0.464385965,JELLY
388,0.445438596,JELLY
389,0.447368421,JELLY
390,0.420350877,JELLY
391,0.441929825,JELLY
392,0.454035088,JELLY
393,0.457192982,JELLY
394,0.634035088,JELLY
395,0.400350877,JELLY
396,0.465614035,JELLY
397,0.446666667,JELLY
398,0.495789474,JELLY
399,0.43754386,JELLY
400,0.441929825,JELLY
401,0.387719298,JELLY
402,0.430701754,JELLY
403,0.444561404,JELLY
404,0.484912281,JELLY
405,0.627719298,JELLY
406,0.635614035,JELLY
407,0.620526316,JELLY
408,0.679649123,JELLY
409,0.669122807,JELLY
410,0.625087719,JELLY
411,0.633508772,JELLY
412,0.621754386,JELLY
413,0.609649123,JELLY
414,0.663157895,JELLY
415,0.444210526,JELLY
416,0.409824561,JELLY
417,0.474210526,JELLY
418,0.464912281,JELLY
419,0.41245614,JELLY
420,0.423333333,JELLY
421,0.438070175,JELLY
422,0.448070175,JELLY
423,0.504385965,JELLY
424,0.44877193,JELLY
425,0.524561404,JELLY
426,0.530175439,JELLY
427,0.499649123,JELLY
428,0.492631579,JELLY
429,0.440701754,JELLY
430,0.481929825,JELLY
431,0.515789474,JELLY
432,0.472280702,JELLY
433,0.484561404,JELLY
434,0.454385965,JELLY
435,0.438947368,JELLY
436,0.434736842,JELLY
437,0.433508772,JELLY
438,0.470175439,JELLY
439,0.49754386,JELLY
440,0.470877193,JELLY
441,0.480877193,JELLY
442,0.446140351,JELLY
443,0.464210526,JELLY
444,0.494035088,JELLY
445,0.429122807,JELLY
446,0.394912281,JELLY
447,0.433859649,JELLY
448,0.480701754,JELLY
449,0.448245614,JELLY
450,0.418421053,JELLY
451,0.415789474,JELLY
452,0.450877193,JELLY
453,0.469473684,JELLY
454,0.411578947,JELLY
455,0.448947368,JELLY
456,0.456140351,JELLY
457,0.397192982,JELLY
458,0.42,JELLY
459,0.441052632,JELLY
460,0.460350877,KRAB
461,0.448245614,KRAB
462,0.471754386,KRAB
463,0.531403509,KRAB
464,0.519298246,KRAB
465,0.449649123,KRAB
466,0.462280702,KRAB
467,0.445087719,KRAB
468,0.518947368,KRAB
469,0.534912281,KRAB
470,0.537719298,KRAB
471,0.535438596,KRAB
472,0.484210526,KRAB
473,0.514035088,KRAB
474,0.544736842,KRAB
475,0.535087719,KRAB
476,0.525263158,KRAB
477,0.524385965,KRAB
478,0.518421053,KRAB
479,0.541578947,KRAB
480,0.547368421,KRAB
481,0.529824561,KRAB
482,0.540701754,KRAB
483,0.518245614,KRAB
484,0.561403509,KRAB
485,0.559122807,KRAB
486,0.578245614,KRAB
487,0.585789474,KRAB
488,0.528245614,KRAB
489,0.590701754,KRAB
490,0.583508772,KRAB
491,0.591578947,KRAB
492,0.538596491,KRAB
493,0.482280702,KRAB
494,0.528070175,KRAB
495,0.48245614,KRAB
496,0.425087719,KRAB
497,0.448245614,KRAB
498,0.444385965,KRAB
499,0.494035088,KRAB
500,0.482807018,KRAB
501,0.478070175,KRAB
502,0.431578947,KRAB
503,0.419473684,KRAB
504,0.456491228,KRAB
505,0.478421053,KRAB
506,0.471578947,KRAB
507,0.463333333,KRAB
508,0.470175439,KRAB
509,0.504561404,KRAB
510,0.446666667,KRAB
511,0.462631579,KRAB
512,0.451403509,KRAB
513,0.55754386,KRAB
514,0.522280702,KRAB
515,0.566315789,KRAB
516,0.525964912,KRAB
517,0.500175439,KRAB
518,0.543684211,KRAB
519,0.508070175,KRAB
520,0.520701754,KRAB
521,0.484210526,KRAB
522,0.516315789,KRAB
523,0.487719298,KRAB
524,0.511403509,KRAB
525,0.528070175,KRAB
526,0.562982456,KRAB
527,0.530877193,KRAB
528,0.591403509,KRAB
529,0.555789474,KRAB
530,0.519298246,KRAB
531,0.578947368,KRAB
532,0.520877193,KRAB
533,0.548070175,KRAB
534,0.498245614,KRAB
535,0.482982456,KRAB
536,0.485614035,KRAB
537,0.495614035,KRAB
538,0.568070175,KRAB
539,0.515438596,KRAB
540,0.50245614,KRAB
541,0.523508772,KRAB
542,0.465614035,KRAB
543,0.552105263,KRAB
544,0.504736842,KRAB
545,0.547719298,KRAB
546,0.498245614,KRAB
547,0.404736842,KRAB
548,0.405789474,KRAB
549,0.473859649,KRAB
550,0.496666667,KRAB
551,0.502631579,KRAB
552,0.463859649,KRAB
553,0.445438596,KRAB
554,0.504385965,KRAB
555,0.482631579,KRAB
556,0.465789474,KRAB
557,0.414736842,KRAB
558,0.403333333,KRAB
559,0.467894737,KRAB
560,0.449473684,KRAB
561,0.495087719,KRAB
562,0.49,KRAB
563,0.464385965,KRAB
564,0.505263158,KRAB
565,0.502105263,KRAB
566,0.491403509,KRAB
567,0.437192982,KRAB
568,0.455087719,KRAB
569,0.476315789,KRAB
570,0.471754386,KRAB
571,0.475614035,KRAB
572,0.449824561,KRAB
573,0.472982456,KRAB
574,0.472982456,KRAB
575,0.485438596,KRAB
576,0.439298246,KRAB
577,0.414210526,KRAB
578,0.402280702,KRAB
579,0.510701754,KRAB
580,0.476842105,KRAB
581,0.492807018,KRAB
582,0.469824561,KRAB
583,0.427017544,KRAB
584,0.443684211,KRAB
585,0.423859649,KRAB
586,0.474385965,KRAB
587,0.478070175,KRAB
588,0.51122807,KRAB
589,0.46,KRAB
590,0.436842105,KRAB
591,0.44245614,KRAB
592,0.484561404,KRAB
593,0.477017544,KRAB
594,0.490350877,KRAB
595,0.479473684,KRAB
596,0.444210526,KRAB
597,0.484385965,KRAB
598,0.409473684,KRAB
599,0.484210526,KRAB
600,0.434912281,KRAB
601,0.435614035,KRAB
602,0.456842105,KRAB
603,0.465087719,KRAB
604,0.455087719,KRAB
605,0.452280702,KRAB
606,0.456491228,KRAB
607,0.501052632,KRAB
608,0.485789474,KRAB
609,0.484912281,KRAB
610,0.434385965,KRAB
611,0.432807018,KRAB
612,0.432631579,KRAB
613,0.42754386,PASJA_POMORSKA
614,0.479824561,PASJA_POMORSKA
615,0.492631579,PASJA_POMORSKA
616,0.483508772,PASJA_POMORSKA
617,0.486842105,PASJA_POMORSKA
618,0.486666667,PASJA_POMORSKA
619,0.508245614,PASJA_POMORSKA
620,0.50245614,PASJA_POMORSKA
621,0.435789474,PASJA_POMORSKA
622,0.634385965,PASJA_POMORSKA
623,0.564035088,PASJA_POMORSKA
624,0.479122807,PASJA_POMORSKA
625,0.461754386,PASJA_POMORSKA
626,0.494385965,PASJA_POMORSKA
627,0.651578947,PASJA_POMORSKA
628,0.512280702,PASJA_POMORSKA
629,0.512631579,PASJA_POMORSKA
630,0.471052632,PASJA_POMORSKA
631,0.515964912,PASJA_POMORSKA
632,0.482631579,PASJA_POMORSKA
633,0.512982456,PASJA_POMORSKA
634,0.48122807,PASJA_POMORSKA
635,0.523859649,PASJA_POMORSKA
636,0.489473684,PASJA_POMORSKA
637,0.478421053,PASJA_POMORSKA
638,0.644561404,PASJA_POMORSKA
639,0.590701754,PASJA_POMORSKA
640,0.497017544,PASJA_POMORSKA
641,0.481052632,PASJA_POMORSKA
642,0.516491228,PASJA_POMORSKA
643,0.626140351,PASJA_POMORSKA
644,0.539473684,PASJA_POMORSKA
645,0.525614035,PASJA_POMORSKA
646,0.479473684,PASJA_POMORSKA
647,0.484210526,PASJA_POMORSKA
648,0.45,PASJA_POMORSKA
649,0.489298246,PASJA_POMORSKA
650,0.493508772,PASJA_POMORSKA
651,0.468070175,PASJA_POMORSKA
652,0.485438596,PASJA_POMORSKA
653,0.598596491,PASJA_POMORSKA
654,0.572982456,PASJA_POMORSKA
655,0.443333333,PASJA_POMORSKA
656,0.473684211,PASJA_POMORSKA
657,0.486140351,PASJA_POMORSKA
658,0.596315789,PASJA_POMORSKA
659,0.548245614,PASJA_POMORSKA
660,0.514035088,PASJA_POMORSKA
661,0.452280702,PASJA_POMORSKA
662,0.460175439,PASJA_POMORSKA
663,0.503859649,PASJA_POMORSKA
664,0.499298246,PASJA_POMORSKA
665,0.541929825,PASJA_POMORSKA
666,0.485087719,PASJA_POMORSKA
667,0.610526316,PASJA_POMORSKA
668,0.553508772,PASJA_POMORSKA
669,0.491403509,PASJA_POMORSKA
670,0.435087719,PASJA_POMORSKA
671,0.466491228,PASJA_POMORSKA
672,0.631403509,PASJA_POMORSKA
673,0.486315789,PASJA_POMORSKA
674,0.504561404,PASJA_POMORSKA
675,0.457017544,PASJA_POMORSKA
676,0.477719298,PASJA_POMORSKA
677,0.447719298,PASJA_POMORSKA
678,0.530701754,PASJA_POMORSKA
679,0.437894737,PASJA_POMORSKA
680,0.588245614,PASJA_POMORSKA
681,0.504210526,PASJA_POMORSKA
682,0.430526316,PASJA_POMORSKA
683,0.423859649,PASJA_POMORSKA
684,0.430175439,PASJA_POMORSKA
685,0.623333333,PASJA_POMORSKA
686,0.474736842,PASJA_POMORSKA
687,0.442982456,PASJA_POMORSKA
688,0.48754386,PASJA_POMORSKA
689,0.462105263,PASJA_POMORSKA
690,0.482982456,PASJA_POMORSKA
691,0.453333333,PASJA_POMORSKA
692,0.585964912,PASJA_POMORSKA
693,0.520350877,PASJA_POMORSKA
694,0.470526316,PASJA_POMORSKA
695,0.47122807,PASJA_POMORSKA
696,0.455964912,PASJA_POMORSKA
697,0.629473684,PASJA_POMORSKA
698,0.504912281,PASJA_POMORSKA
699,0.475789474,PASJA_POMORSKA
700,0.396842105,PASJA_POMORSKA
701,0.469473684,PASJA_POMORSKA
702,0.388070175,PASJA_POMORSKA
703,0.578245614,PASJA_POMORSKA
704,0.488070175,PASJA_POMORSKA
705,0.462280702,PASJA_POMORSKA
706,0.441578947,PASJA_POMORSKA
707,0.446666667,PASJA_POMORSKA
708,0.60877193,PASJA_POMORSKA
709,0.492807018,PASJA_POMORSKA
710,0.471052632,PASJA_POMORSKA
711,0.487894737,PASJA_POMORSKA
712,0.385438596,PASJA_POMORSKA
713,0.549122807,PASJA_POMORSKA
714,0.467719298,PASJA_POMORSKA
715,0.448421053,PASJA_POMORSKA
716,0.451403509,PASJA_POMORSKA
717,0.414561404,PASJA_POMORSKA
718,0.637017544,PASJA_POMORSKA
719,0.500350877,PASJA_POMORSKA
720,0.465438596,PASJA_POMORSKA
721,0.472982456,PASJA_POMORSKA
722,0.604912281,PASJA_POMORSKA
723,0.54245614,PASJA_POMORSKA
724,0.499649123,PASJA_POMORSKA
725,0.512105263,PASJA_POMORSKA
726,0.530350877,PASJA_POMORSKA
727,0.612631579,PASJA_POMORSKA
728,0.556666667,PASJA_POMORSKA
729,0.516666667,PASJA_POMORSKA
730,0.568070175,PASJA_POMORSKA
731,0.49,PASJA_POMORSKA
732,0.434035088,PASJA_POMORSKA
733,0.404912281,PASJA_POMORSKA
734,0.39754386,PASJA_POMORSKA
735,0.625438596,PASJA_POMORSKA
736,0.424385965,PASJA_POMORSKA
737,0.437017544,PASJA_POMORSKA
738,0.528421053,PASJA_POMORSKA
739,0.575087719,PASJA_POMORSKA
740,0.585438596,PASJA_POMORSKA
741,0.577017544,PASJA_POMORSKA
742,0.661403509,PASJA_POMORSKA
743,0.561052632,PASJA_POMORSKA
744,0.553684211,PASJA_POMORSKA
745,0.543157895,PASJA_POMORSKA
746,0.543333333,PASJA_POMORSKA
747,0.524035088,PASJA_POMORSKA
748,0.659298246,PASJA_POMORSKA
749,0.469473684,PASJA_POMORSKA
750,0.489649123,PASJA_POMORSKA
751,0.436315789,PASJA_POMORSKA
752,0.405263158,PASJA_POMORSKA
753,0.582280702,PASJA_POMORSKA
754,0.492807018,PASJA_POMORSKA
755,0.418421053,PASJA_POMORSKA
756,0.398245614,PASJA_POMORSKA
757,0.620526316,PASJA_POMORSKA
758,0.46,PASJA_POMORSKA
759,0.463157895,PASJA_POMORSKA
760,0.626140351,PASJA_POMORSKA
761,0.447894737,PASJA_POMORSKA
762,0.414385965,PASJA_POMORSKA
763,0.636140351,PASJA_POMORSKA
764,0.581754386,PASJA_POMORSKA
765,0.436491228,PASJA_POMORSKA
766,0.453333333,RUDAWA
767,0.482982456,RUDAWA
768,0.50122807,RUDAWA
769,0.472280702,RUDAWA
770,0.608596491,RUDAWA
771,0.42245614,RUDAWA
772,0.518421053,RUDAWA
773,0.439824561,RUDAWA
774,0.536315789,RUDAWA
775,0.55,RUDAWA
776,0.516842105,RUDAWA
777,0.455438596,RUDAWA
778,0.475964912,RUDAWA
779,0.518070175,RUDAWA
780,0.529298246,RUDAWA
781,0.503859649,RUDAWA
782,0.484736842,RUDAWA
783,0.552982456,RUDAWA
784,0.509473684,RUDAWA
785,0.528947368,RUDAWA
786,0.628596491,RUDAWA
787,0.498070175,RUDAWA
788,0.586491228,RUDAWA
789,0.497192982,RUDAWA
790,0.625438596,RUDAWA
791,0.610350877,RUDAWA
792,0.612631579,RUDAWA
793,0.534035088,RUDAWA
794,0.557017544,RUDAWA
795,0.586491228,RUDAWA
796,0.575964912,RUDAWA
797,0.544912281,RUDAWA
798,0.570175439,RUDAWA
799,0.484035088,RUDAWA
800,0.472105263,RUDAWA
801,0.644736842,RUDAWA
802,0.405263158,RUDAWA
803,0.430701754,RUDAWA
804,0.460526316,RUDAWA
805,0.503157895,RUDAWA
806,0.533508772,RUDAWA
807,0.45,RUDAWA
808,0.477017544,RUDAWA
809,0.428245614,RUDAWA
810,0.494035088,RUDAWA
811,0.554035088,RUDAWA
812,0.534210526,RUDAWA
813,0.507192982,RUDAWA
814,0.466842105,RUDAWA
815,0.586140351,RUDAWA
816,0.445438596,RUDAWA
817,0.517719298,RUDAWA
818,0.472631579,RUDAWA
819,0.535263158,RUDAWA
820,0.501754386,RUDAWA
821,0.541578947,RUDAWA
822,0.479122807,RUDAWA
823,0.513508772,RUDAWA
824,0.519824561,RUDAWA
825,0.48877193,RUDAWA
826,0.492982456,RUDAWA
827,0.479649123,RUDAWA
828,0.607017544,RUDAWA
829,0.447368421,RUDAWA
830,0.502807018,RUDAWA
831,0.459649123,RUDAWA
832,0.466140351,RUDAWA
833,0.516140351,RUDAWA
834,0.527017544,RUDAWA
835,0.433859649,RUDAWA
836,0.441578947,RUDAWA
837,0.451929825,RUDAWA
838,0.513157895,RUDAWA
839,0.480175439,RUDAWA
840,0.506842105,RUDAWA
841,0.581578947,RUDAWA
842,0.657719298,RUDAWA
843,0.585614035,RUDAWA
844,0.612631579,RUDAWA
845,0.663508772,RUDAWA
846,0.680701754,RUDAWA
847,0.581578947,RUDAWA
848,0.647192982,RUDAWA
849,0.56754386,RUDAWA
850,0.658596491,RUDAWA
851,0.599473684,RUDAWA
852,0.629649123,RUDAWA
853,0.429473684,RUDAWA
854,0.367368421,RUDAWA
855,0.480877193,RUDAWA
856,0.495789474,RUDAWA
857,0.444736842,RUDAWA
858,0.39754386,RUDAWA
859,0.420701754,RUDAWA
860,0.472280702,RUDAWA
861,0.51,RUDAWA
862,0.492631579,RUDAWA
863,0.44754386,RUDAWA
864,0.488421053,RUDAWA
865,0.514385965,RUDAWA
866,0.530877193,RUDAWA
867,0.44245614,RUDAWA
868,0.491578947,RUDAWA
869,0.453859649,RUDAWA
870,0.521578947,RUDAWA
871,0.575964912,RUDAWA
872,0.563684211,RUDAWA
873,0.484210526,RUDAWA
874,0.473157895,RUDAWA
875,0.534035088,RUDAWA
876,0.457017544,RUDAWA
877,0.409824561,RUDAWA
878,0.457368421,RUDAWA
879,0.476140351,RUDAWA
880,0.521929825,RUDAWA
881,0.481754386,RUDAWA
882,0.469824561,RUDAWA
883,0.452982456,RUDAWA
884,0.446842105,RUDAWA
885,0.429298246,RUDAWA
886,0.496315789,RUDAWA
887,0.453333333,RUDAWA
888,0.553333333,RUDAWA
889,0.498947368,RUDAWA
890,0.478421053,RUDAWA
891,0.485263158,RUDAWA
892,0.491578947,RUDAWA
893,0.514912281,RUDAWA
894,0.541754386,RUDAWA
895,0.508421053,RUDAWA
896,0.516140351,RUDAWA
897,0.475263158,RUDAWA
898,0.465964912,RUDAWA
899,0.437368421,RUDAWA
900,0.544035088,RUDAWA
901,0.579473684,RUDAWA
902,0.56,RUDAWA
903,0.480877193,RUDAWA
904,0.444210526,RUDAWA
905,0.428421053,RUDAWA
906,0.508596491,RUDAWA
907,0.460175439,RUDAWA
908,0.468947368,RUDAWA
909,0.498947368,RUDAWA
910,0.521929825,RUDAWA
911,0.515263158,RUDAWA
912,0.506491228,RUDAWA
913,0.606666667,RUDAWA
914,0.511052632,RUDAWA
915,0.517017544,RUDAWA
916,0.500877193,RUDAWA
917,0.484210526,RUDAWA
918,0.487894737,RUDAWA
919,0.425614035,SALTO
920,0.618245614,SALTO
921,0.450877193,SALTO
922,0.487894737,SALTO
923,0.424561404,SALTO
924,0.513157895,SALTO
925,0.450175439,SALTO
926,0.457368421,SALTO
927,0.498245614,SALTO
928,0.526140351,SALTO
929,0.501052632,SALTO
930,0.443157895,SALTO
931,0.497894737,SALTO
932,0.462807018,SALTO
933,0.515614035,SALTO
934,0.5,SALTO
935,0.617017544,SALTO
936,0.667192982,SALTO
937,0.439298246,SALTO
938,0.445263158,SALTO
939,0.408070175,SALTO
940,0.50122807,SALTO
941,0.450175439,SALTO
942,0.464912281,SALTO
943,0.458245614,SALTO
944,0.462982456,SALTO
945,0.456315789,SALTO
946,0.444210526,SALTO
947,0.508421053,SALTO
948,0.442105263,SALTO
949,0.493684211,SALTO
950,0.501754386,SALTO
951,0.558245614,SALTO
952,0.615614035,SALTO
953,0.636491228,SALTO
954,0.641052632,SALTO
955,0.680526316,SALTO
956,0.644385965,SALTO
957,0.682105263,SALTO
958,0.674912281,SALTO
959,0.678596491,SALTO
960,0.652982456,SALTO
961,0.649122807,SALTO
962,0.64122807,SALTO
963,0.622982456,SALTO
964,0.661578947,SALTO
965,0.668947368,SALTO
966,0.736842105,SALTO
967,0.420701754,SALTO
968,0.397192982,SALTO
969,0.478421053,SALTO
970,0.444561404,SALTO
971,0.447017544,SALTO
972,0.422105263,SALTO
973,0.440701754,SALTO
974,0.434385965,SALTO
975,0.403157895,SALTO
976,0.439298246,SALTO
977,0.425964912,SALTO
978,0.42122807,SALTO
979,0.462105263,SALTO
980,0.593157895,SALTO
981,0.404035088,SALTO
982,0.488421053,SALTO
983,0.466491228,SALTO
984,0.484561404,SALTO
985,0.494736842,SALTO
986,0.465438596,SALTO
987,0.482280702,SALTO
988,0.435438596,SALTO
989,0.460877193,SALTO
990,0.453508772,SALTO
991,0.445614035,SALTO
992,0.471929825,SALTO
993,0.568421053,SALTO
994,0.461578947,SALTO
995,0.435263158,SALTO
996,0.440175439,SALTO
997,0.462105263,SALTO
998,0.459473684,SALTO
999,0.457017544,SALTO
1000,0.397017544,SALTO
1001,0.448245614,SALTO
1002,0.429473684,SALTO
1003,0.456315789,SALTO
1004,0.485087719,SALTO
1005,0.575087719,SALTO
1006,0.443157895,SALTO
1007,0.45877193,SALTO
1008,0.488070175,SALTO
1009,0.491403509,SALTO
1010,0.483333333,SALTO
1011,0.442105263,SALTO
1012,0.471052632,SALTO
1013,0.465964912,SALTO
1014,0.495263158,SALTO
1015,0.513157895,SALTO
1016,0.586315789,SALTO
1017,0.405087719,SALTO
1018,0.470526316,SALTO
1019,0.481754386,SALTO
1020,0.470175439,SALTO
1021,0.445438596,SALTO
1022,0.469298246,SALTO
1023,0.451403509,SALTO
1024,0.507368421,SALTO
1025,0.495614035,SALTO
1026,0.575438596,SALTO
1027,0.458070175,SALTO
1028,0.47877193,SALTO
1029,0.476842105,SALTO
1030,0.424912281,SALTO
1031,0.501578947,SALTO
1032,0.455789474,SALTO
1033,0.50754386,SALTO
1034,0.499824561,SALTO
1035,0.563508772,SALTO
1036,0.413859649,SALTO
1037,0.388947368,SALTO
1038,0.403684211,SALTO
1039,0.484210526,SALTO
1040,0.418245614,SALTO
1041,0.402982456,SALTO
1042,0.401754386,SALTO
1043,0.528596491,SALTO
1044,0.387894737,SALTO
1045,0.448070175,SALTO
1046,0.495614035,SALTO
1047,0.466842105,SALTO
1048,0.451929825,SALTO
1049,0.452105263,SALTO
1050,0.513333333,SALTO
1051,0.451403509,SALTO
1052,0.485789474,SALTO
1053,0.449649123,SALTO
1054,0.452807018,SALTO
1055,0.42122807,SALTO
1056,0.510877193,SALTO
1057,0.422105263,SALTO
1058,0.380175439,SALTO
1059,0.430526316,SALTO
1060,0.448245614,SALTO
1061,0.550877193,SALTO
1062,0.412105263,SALTO
1063,0.471754386,SALTO
1064,0.495087719,SALTO
1065,0.587368421,SALTO
1066,0.43245614,SALTO
1067,0.43245614,SALTO
1068,0.565964912,SALTO
1069,0.384736842,SALTO
1070,0.540350877,SALTO
1071,0.538947368,SALTO